USE ev_charger_app_database;
INSERT INTO addresses (id, address, created_at, updated_at) VALUES ('1', '서울특별시 강남구 역삼동 100-10', 1706155529, 1706155529);
INSERT INTO addresses (id, address, created_at, updated_at) VALUES ('2', '서울특별시 강남구 역삼동 200-20', 1706155529, 1706155529);
INSERT INTO addresses (id, address, created_at, updated_at) VALUES ('3', '서울특별시 강남구 역삼동 300-30', 1706155529, 1706155529);
INSERT INTO addresses (id, address, created_at, updated_at) VALUES ('4', '서울특별시 강남구 역삼동 400-40', 1706155529, 1706155529);
INSERT INTO addresses (id, address, created_at, updated_at) VALUES ('5', '서울특별시 강남구 역삼동 500-50', 1706155529, 1706155529);
INSERT INTO addresses (id, address, created_at, updated_at) VALUES ('6', '서울특별시 강남구 역삼동 600-60', 1706155529, 1706155529);
INSERT INTO addresses (id, address, created_at, updated_at) VALUES ('7', '서울특별시 강남구 역삼동 700-70', 1706155529, 1706155529);
INSERT INTO addresses (id, address, created_at, updated_at) VALUES ('8', '서울특별시 강남구 역삼동 800-80', 1706155529, 1706155529);
INSERT INTO addresses (id, address, created_at, updated_at) VALUES ('9', '서울특별시 강남구 역삼동 900-90', 1706155529, 1706155529);
INSERT INTO addresses (id, address, created_at, updated_at) VALUES ('10', '서울특별시 강남구 역삼동 1000-100', 1706155529, 1706155529);

INSERT INTO users (id, nickname, address_id, created_at, updated_at) VALUES ('0', 'gmin', '1', 1706155284, 1706155284);
INSERT INTO users (id, nickname, address_id, created_at, updated_at) VALUES ('1', 'user1', '3', 1706155284, 1706155284);
INSERT INTO users (id, nickname, address_id, created_at, updated_at) VALUES ('2', 'user2', '4', 1706155284, 1706155284);
INSERT INTO users (id, nickname, address_id, created_at, updated_at) VALUES ('3', 'user3', '5', 1706155284, 1706155284);
INSERT INTO users (id, nickname, address_id, created_at, updated_at) VALUES ('4', 'user4', '2', 1706155284, 1706155284);
INSERT INTO users (id, nickname, address_id, created_at, updated_at) VALUES ('5', 'user5', '2', 1706155284, 1706155284);
INSERT INTO users (id, nickname, address_id, created_at, updated_at) VALUES ('6', 'user6', '3', 1706155284, 1706155284);
INSERT INTO users (id, nickname, address_id, created_at, updated_at) VALUES ('7', 'user7', '4', 1706155284, 1706155284);
INSERT INTO users (id, nickname, address_id, created_at, updated_at) VALUES ('8', 'user8', '8', 1706155284, 1706155284);
INSERT INTO users (id, nickname, address_id, created_at, updated_at) VALUES ('9', 'user9', '1', 1706155284, 1706155284);
INSERT INTO users (id, nickname, address_id, created_at, updated_at) VALUES ('10', 'user10', '9', 1706155284, 1706155284);

INSERT INTO chargers (id, address_id, charger_type, location, status, last_status_updated_at, output, last_start_charging_timestamp, last_end_charging_timestamp, created_at, updated_at) VALUES ('1', '6', 0, 'B 구역 46', 5, 1706156202, 50, 1705908658, 1705912258, 1706156202, 1706156202);
INSERT INTO chargers (id, address_id, charger_type, location, status, last_status_updated_at, output, last_start_charging_timestamp, last_end_charging_timestamp, created_at, updated_at) VALUES ('2', '10', 1, 'B 구역 22', 4, 1706156202, 3, 1705910347, 1705913947, 1706156202, 1706156202);
INSERT INTO chargers (id, address_id, charger_type, location, status, last_status_updated_at, output, last_start_charging_timestamp, last_end_charging_timestamp, created_at, updated_at) VALUES ('3', '5', 0, 'B 구역 19', 4, 1706156202, 3, 1706120514, 1706124114, 1706156202, 1706156202);
INSERT INTO chargers (id, address_id, charger_type, location, status, last_status_updated_at, output, last_start_charging_timestamp, last_end_charging_timestamp, created_at, updated_at) VALUES ('4', '10', 3, 'B 구역 2', 1, 1706156202, 50, 1706143484, 1706147084, 1706156202, 1706156202);
INSERT INTO chargers (id, address_id, charger_type, location, status, last_status_updated_at, output, last_start_charging_timestamp, last_end_charging_timestamp, created_at, updated_at) VALUES ('5', '6', 0, 'B 구역 18', 5, 1706156202, 100, 1705942564, 1705946164, 1706156202, 1706156202);
INSERT INTO chargers (id, address_id, charger_type, location, status, last_status_updated_at, output, last_start_charging_timestamp, last_end_charging_timestamp, created_at, updated_at) VALUES ('6', '3', 1, 'B 구역 18', 1, 1706156202, 100, 1706001426, 1706005026, 1706156202, 1706156202);
INSERT INTO chargers (id, address_id, charger_type, location, status, last_status_updated_at, output, last_start_charging_timestamp, last_end_charging_timestamp, created_at, updated_at) VALUES ('7', '1', 6, 'B 구역 5', 0, 1706156202, 3, 1706110981, 1706114581, 1706156202, 1706156202);
INSERT INTO chargers (id, address_id, charger_type, location, status, last_status_updated_at, output, last_start_charging_timestamp, last_end_charging_timestamp, created_at, updated_at) VALUES ('8', '4', 2, 'B 구역 4', 3, 1706156202, 50, 1705954638, 1705958238, 1706156202, 1706156202);
INSERT INTO chargers (id, address_id, charger_type, location, status, last_status_updated_at, output, last_start_charging_timestamp, last_end_charging_timestamp, created_at, updated_at) VALUES ('9', '2', 5, 'B 구역 35', 4, 1706156202, 200, 1705959671, 1705963271, 1706156202, 1706156202);
INSERT INTO chargers (id, address_id, charger_type, location, status, last_status_updated_at, output, last_start_charging_timestamp, last_end_charging_timestamp, created_at, updated_at) VALUES ('10', '4', 2, 'B 구역 38', 2, 1706156202, 100, 1706126623, 1706130223, 1706156202, 1706156202);
INSERT INTO chargers (id, address_id, charger_type, location, status, last_status_updated_at, output, last_start_charging_timestamp, last_end_charging_timestamp, created_at, updated_at) VALUES ('11', '6', 3, 'B 구역 1', 2, 1706156202, 100, 1706024939, 1706028539, 1706156202, 1706156202);
INSERT INTO chargers (id, address_id, charger_type, location, status, last_status_updated_at, output, last_start_charging_timestamp, last_end_charging_timestamp, created_at, updated_at) VALUES ('12', '10', 0, 'B 구역 30', 4, 1706156202, 100, 1706002217, 1706005817, 1706156202, 1706156202);
INSERT INTO chargers (id, address_id, charger_type, location, status, last_status_updated_at, output, last_start_charging_timestamp, last_end_charging_timestamp, created_at, updated_at) VALUES ('13', '2', 4, 'B 구역 32', 2, 1706156202, 100, 1706135475, 1706139075, 1706156202, 1706156202);
INSERT INTO chargers (id, address_id, charger_type, location, status, last_status_updated_at, output, last_start_charging_timestamp, last_end_charging_timestamp, created_at, updated_at) VALUES ('14', '10', 1, 'B 구역 42', 1, 1706156202, 7, 1706065355, 1706068955, 1706156202, 1706156202);
INSERT INTO chargers (id, address_id, charger_type, location, status, last_status_updated_at, output, last_start_charging_timestamp, last_end_charging_timestamp, created_at, updated_at) VALUES ('15', '1', 4, 'B 구역 43', 3, 1706156202, 200, 1705974815, 1705978415, 1706156202, 1706156202);
INSERT INTO chargers (id, address_id, charger_type, location, status, last_status_updated_at, output, last_start_charging_timestamp, last_end_charging_timestamp, created_at, updated_at) VALUES ('16', '9', 1, 'B 구역 24', 0, 1706156202, 3, 1705961067, 1705964667, 1706156202, 1706156202);
INSERT INTO chargers (id, address_id, charger_type, location, status, last_status_updated_at, output, last_start_charging_timestamp, last_end_charging_timestamp, created_at, updated_at) VALUES ('17', '7', 4, 'B 구역 31', 3, 1706156202, 3, 1706151938, 1706155538, 1706156202, 1706156202);
INSERT INTO chargers (id, address_id, charger_type, location, status, last_status_updated_at, output, last_start_charging_timestamp, last_end_charging_timestamp, created_at, updated_at) VALUES ('18', '10', 0, 'B 구역 10', 4, 1706156202, 3, 1706035992, 1706039592, 1706156202, 1706156202);
INSERT INTO chargers (id, address_id, charger_type, location, status, last_status_updated_at, output, last_start_charging_timestamp, last_end_charging_timestamp, created_at, updated_at) VALUES ('19', '3', 0, 'B 구역 37', 2, 1706156202, 7, 1706044867, 1706048467, 1706156202, 1706156202);
INSERT INTO chargers (id, address_id, charger_type, location, status, last_status_updated_at, output, last_start_charging_timestamp, last_end_charging_timestamp, created_at, updated_at) VALUES ('20', '9', 2, 'B 구역 3', 5, 1706156202, 7, 1706155870, 1706159470, 1706156202, 1706156202);

INSERT INTO reviews (id, title, content, user_id, charger_id, created_at, updated_at) VALUES ('1', '좋은 충전기', '다음에도 이용할 예정입니다', '1', '13', 1706785019, 1706846486);
INSERT INTO reviews (id, title, content, user_id, charger_id, created_at, updated_at) VALUES ('2', '훌륭한 충전', '친절한 직원 덕분에 좋은 경험을 했습니다', '9', '3', 1706820482, 1706858171);
INSERT INTO reviews (id, title, content, user_id, charger_id, created_at, updated_at) VALUES ('3', '훌륭한 서비스', '다음에도 이용할 예정입니다', '7', '4', 1706941878, 1706967211);
INSERT INTO reviews (id, title, content, user_id, charger_id, created_at, updated_at) VALUES ('4', '빠른 충전', '다음에도 이용할 예정입니다', '5', '10', 1707014565, 1707030390);
INSERT INTO reviews (id, title, content, user_id, charger_id, created_at, updated_at) VALUES ('5', '좋은 충전기', '충전기 위치가 좋았어요', '5', '1', 1706233262, 1706314362);
INSERT INTO reviews (id, title, content, user_id, charger_id, created_at, updated_at) VALUES ('6', '친절한 서비스', '충전기가 잘 작동했습니다', '3', '19', 1706979069, 1707038120);
INSERT INTO reviews (id, title, content, user_id, charger_id, created_at, updated_at) VALUES ('7', '빠른 충전', '빠른 충전에 만족합니다', '2', '5', 1706854628, 1706924293);
INSERT INTO reviews (id, title, content, user_id, charger_id, created_at, updated_at) VALUES ('8', '친절한 서비스', '충전 속도가 빨라서 좋았습니다', '2', '8', 1706354966, 1706401376);
INSERT INTO reviews (id, title, content, user_id, charger_id, created_at, updated_at) VALUES ('9', '편리한 위치', '가격 대비 훌륭한 서비스', '10', '1', 1706165003, 1706241699);
INSERT INTO reviews (id, title, content, user_id, charger_id, created_at, updated_at) VALUES ('10', '추천합니다', '충전 속도가 빨라서 좋았습니다', '9', '16', 1707006467, 1707041099);
INSERT INTO reviews (id, title, content, user_id, charger_id, created_at, updated_at) VALUES ('11', '추천하지 않음', '충전 속도가 너무 느려요', '9', '7', 1706413431, 1706470393);
INSERT INTO reviews (id, title, content, user_id, charger_id, created_at, updated_at) VALUES ('12', '문제가 많은 충전기', '다음에는 이용하고 싶지 않아요', '0', '4', 1706300611, 1706339487);
INSERT INTO reviews (id, title, content, user_id, charger_id, created_at, updated_at) VALUES ('13', '문제가 많은 충전기', '충전기 고장이 잦아요', '6', '5', 1706923737, 1707007516);
INSERT INTO reviews (id, title, content, user_id, charger_id, created_at, updated_at) VALUES ('14', '추천하지 않음', '직원들이 불친절했습니다', '4', '4', 1706779683, 1706780228);
INSERT INTO reviews (id, title, content, user_id, charger_id, created_at, updated_at) VALUES ('15', '개선이 필요해요', '충전기 고장이 잦아요', '10', '18', 1706344651, 1706419899);
INSERT INTO reviews (id, title, content, user_id, charger_id, created_at, updated_at) VALUES ('16', '개선이 필요해요', '다음에는 이용하고 싶지 않아요', '10', '5', 1706311281, 1706358751);
INSERT INTO reviews (id, title, content, user_id, charger_id, created_at, updated_at) VALUES ('17', '친절하지 않은 서비스', '충전기 위치가 불편했어요', '5', '4', 1706660478, 1706680160);
INSERT INTO reviews (id, title, content, user_id, charger_id, created_at, updated_at) VALUES ('18', '불만족스러운 서비스', '직원들이 불친절했습니다', '9', '5', 1706390060, 1706465267);
INSERT INTO reviews (id, title, content, user_id, charger_id, created_at, updated_at) VALUES ('19', '개선이 필요해요', '충전기 위치가 불편했어요', '2', '6', 1706244331, 1706246648);
INSERT INTO reviews (id, title, content, user_id, charger_id, created_at, updated_at) VALUES ('20', '불편한 사용', '가격 대비 만족스럽지 않은 서비스', '8', '17', 1706226373, 1706278250);

INSERT INTO fault_reports (id, title, content, user_id, charger_id, created_at, updated_at) VALUES ('21', '충전 불가 상태', '충전기에서 이상한 소리가 나요', '9', '4', 1706604401, 1706626848);
INSERT INTO fault_reports (id, title, content, user_id, charger_id, created_at, updated_at) VALUES ('22', '충전 불가 상태', '충전 포트가 손상된 것 같습니다', '6', '12', 1706446771, 1706489394);
INSERT INTO fault_reports (id, title, content, user_id, charger_id, created_at, updated_at) VALUES ('23', '충전 불가 상태', '충전 중에 갑자기 멈췄습니다', '3', '19', 1706725114, 1706808498);
INSERT INTO fault_reports (id, title, content, user_id, charger_id, created_at, updated_at) VALUES ('24', '충전기 오류 신고', '충전기 연결이 자주 끊깁니다', '0', '16', 1706952538, 1706983412);
INSERT INTO fault_reports (id, title, content, user_id, charger_id, created_at, updated_at) VALUES ('25', '고장난 충전기 신고', '충전기 화면이 꺼져 있어요', '7', '14', 1706936121, 1706999497);
INSERT INTO fault_reports (id, title, content, user_id, charger_id, created_at, updated_at) VALUES ('26', '수리 필요한 충전기', '충전 포트가 손상된 것 같습니다', '8', '1', 1706557410, 1706606683);
INSERT INTO fault_reports (id, title, content, user_id, charger_id, created_at, updated_at) VALUES ('27', '충전 불가 상태', '충전기 전원이 켜지지 않아요', '10', '5', 1706942828, 1706971762);
INSERT INTO fault_reports (id, title, content, user_id, charger_id, created_at, updated_at) VALUES ('28', '작동하지 않는 충전기', '충전기에서 이상한 소리가 나요', '6', '9', 1706843454, 1706918686);
INSERT INTO fault_reports (id, title, content, user_id, charger_id, created_at, updated_at) VALUES ('29', '충전 불가 상태', '충전기가 과열되고 있어요', '1', '1', 1706190706, 1706239121);
INSERT INTO fault_reports (id, title, content, user_id, charger_id, created_at, updated_at) VALUES ('30', '고장난 충전기 신고', '충전이 되지 않는 문제가 발생했습니다', '4', '10', 1706689316, 1706774895);